u,Iu,Iv,Iw
1.3137647717507963,0.03546236014192047,0.07382613064433417,0.017523380829049903
0.11243247837509122,0.08077358315401807,0.025412337596336848,0.07563272316804566
0.28267235015992614,0.041979634617117255,0.07972699355150228,0.019694880930574758
