h,x,r,alpha,RMSE relative u,RMSE u,RMSE relative Iu,RMSE Iu
0.08,4.0,52.0,0.7,0.06762218848085519,0.04687313607090055,0.47343668113521675,0.05465280746242732
0.08,4.0,92.0,0.7,0.25906473087383464,0.1908985710107053,0.9343070435938267,0.1167256827594288
0.16,4.0,52.0,0.7,0.286782876969236,0.21263421108818065,1.4603242173208353,0.1884268916731257
0.16,4.0,92.0,0.7,0.32608570978085527,0.2400298526010367,2.0656734265877583,0.26318975301881575
