$h$,$r$,$\alpha$,$k$,$x$
0.08994353118252044,82.18545437038608,0.4676069485337255,0.6723140359539256,3.252447540752861
0.04736029402055403,79.65545677922141,0.34623657928851764,1.558191764027393,1.9710388992806314
0.07644512292876754,88.32844894556754,0.38726209677270296,1.4960195336642417,2.9342874203514198
